gdp,sex_ratio,surface_area,life_expectancy_male,unemployment,imports,homicide_rate,currency,iso2,employment_services,employment_industry,urban_population_growth,secondary_school_enrollment_female,employment_agriculture,capital,forested_area,exports,life_expectancy_female,post_secondary_enrollment_female,post_secondary_enrollment_male,primary_school_enrollment_female,infant_mortality,gdp_growth,threatened_species,population,urban_population,secondary_school_enrollment_male,name,pop_growth,region,pop_density,internet_users,gdp_per_capita,fertility,refugees,primary_school_enrollment_male,co2_emissions,tourists
20514.0,105.4,652864.0,62.8,11.2,8370.0,6.7,"{'code': 'AFN', 'name': 'Afghani'}",AF,39.4,18.3,4.0,40.0,42.4,Kabul,2.1,1038.0,65.8,4.9,14.2,82.9,51.7,-1.7,40.0,38928.0,25.8,70.1,Afghanistan,2.5,Southern Asia,59.6,13.5,551.9,4.6,2826.4,124.2,,
15059.0,103.7,28748.0,76.7,12.8,5908.0,2.3,"{'code': 'ALL', 'name': 'Lek'}",AL,43.7,20.2,1.8,95.7,36.1,Tirana,28.2,2720.0,80.1,67.6,43.0,109.1,8.0,4.1,142.0,2878.0,61.2,95.2,Albania,-0.1,Southern Europe,105.0,71.8,5223.8,1.6,4.3,105.2,4.3,5340.0
173757.0,102.1,2381741.0,75.4,11.5,45140.0,1.4,"{'code': 'DZD', 'name': 'Algerian Dinar'}",DZ,59.6,30.7,2.9,101.5,9.7,Algiers,0.8,34571.0,77.8,64.4,38.8,107.3,21.2,1.4,155.0,43851.0,73.2,97.8,Algeria,2.0,Northern Africa,18.4,49.0,4114.7,3.0,99.5,112.4,130.5,2657.0
3238.0,102.3,468.0,,,1538.0,0.0,"{'code': 'EUR', 'name': 'Euro'}",AD,,,-1.7,,,Andorra La Vella,34.0,124.0,,,,,,1.6,15.0,77.0,88.0,,Andorra,-0.2,Southern Europe,164.2,91.6,42051.6,1.2,,,,3042.0
105902.0,97.9,1246700.0,57.8,6.8,21340.0,4.8,"{'code': 'AOA', 'name': 'Kwanza'}",AO,41.7,8.1,4.7,39.7,50.2,Luanda,46.4,50822.0,63.4,8.5,10.2,105.9,61.5,-1.2,171.0,32866.0,66.2,61.8,Angola,3.3,Middle Africa,26.4,14.3,3437.3,5.6,70.1,121.1,18.0,218.0
1611.0,93.3,442.0,75.7,,568.0,11.1,"{'code': 'XCD', 'name': 'E. Caribbean Dollar'}",AG,81.6,15.6,0.1,109.1,2.8,Saint John's,22.3,37.0,77.9,34.3,15.3,104.6,5.2,7.4,61.0,98.0,24.5,113.3,Antigua And Barbuda,0.9,Caribbean,222.6,76.0,16727.0,2.0,0.2,105.4,,269.0
518475.0,95.3,2780400.0,73.0,10.4,49125.0,5.3,"{'code': 'ARS', 'name': 'Argentine Peso'}",AR,78.9,21.0,1.2,111.0,0.1,Buenos Aires,9.9,65114.0,79.8,112.8,67.8,109.6,10.2,-2.5,285.0,45196.0,92.0,106.5,Argentina,1.0,South America,16.5,74.3,11687.6,2.3,165.6,109.9,183.4,6942.0
12433.0,88.8,29743.0,71.1,16.6,5053.0,1.7,"{'code': 'AMD', 'name': 'Armenian Dram'}",AM,53.6,17.5,0.2,84.8,28.9,Yerevan,11.7,2612.0,78.3,62.6,47.1,92.7,10.8,5.2,119.0,2963.0,63.2,81.7,Armenia,0.3,Western Asia,104.1,64.7,4212.1,1.8,19.0,92.7,5.2,1652.0
1453871.0,99.2,7692060.0,81.2,5.3,221481.0,0.9,"{'code': 'AUD', 'name': 'Australian Dollar'}",AU,77.7,19.8,1.6,141.2,2.5,Canberra,16.2,266377.0,85.2,133.3,93.8,100.3,3.1,2.0,1308.0,25500.0,86.1,159.0,Australia,1.3,Oceania,3.3,86.5,58392.7,1.8,129.2,100.3,384.6,9246.0
455508.0,97.2,83871.0,78.9,4.8,176596.0,1.0,"{'code': 'EUR', 'name': 'Euro'}",AT,71.5,25.0,0.7,98.3,3.5,Vienna,46.9,171532.0,83.8,92.5,78.1,103.0,3.2,2.4,185.0,9006.0,58.5,102.5,Austria,0.7,Western Europe,109.3,87.5,51230.3,1.5,163.7,103.2,64.9,30816.0
20514.0,105.4,652864.0,62.8,11.2,8370.0,6.7,"{'code': 'AFN', 'name': 'Afghani'}",AF,39.4,18.3,4.0,40.0,42.4,Kabul,2.1,1038.0,65.8,4.9,14.2,82.9,51.7,-1.7,40.0,38928.0,25.8,70.1,Afghanistan,2.5,Southern Asia,59.6,13.5,551.9,4.6,2826.4,124.2,,
15059.0,103.7,28748.0,76.7,12.8,5908.0,2.3,"{'code': 'ALL', 'name': 'Lek'}",AL,43.7,20.2,1.8,95.7,36.1,Tirana,28.2,2720.0,80.1,67.6,43.0,109.1,8.0,4.1,142.0,2878.0,61.2,95.2,Albania,-0.1,Southern Europe,105.0,71.8,5223.8,1.6,4.3,105.2,4.3,5340.0
173757.0,102.1,2381741.0,75.4,11.5,45140.0,1.4,"{'code': 'DZD', 'name': 'Algerian Dinar'}",DZ,59.6,30.7,2.9,101.5,9.7,Algiers,0.8,34571.0,77.8,64.4,38.8,107.3,21.2,1.4,155.0,43851.0,73.2,97.8,Algeria,2.0,Northern Africa,18.4,49.0,4114.7,3.0,99.5,112.4,130.5,2657.0
3238.0,102.3,468.0,,,1538.0,0.0,"{'code': 'EUR', 'name': 'Euro'}",AD,,,-1.7,,,Andorra La Vella,34.0,124.0,,,,,,1.6,15.0,77.0,88.0,,Andorra,-0.2,Southern Europe,164.2,91.6,42051.6,1.2,,,,3042.0
105902.0,97.9,1246700.0,57.8,6.8,21340.0,4.8,"{'code': 'AOA', 'name': 'Kwanza'}",AO,41.7,8.1,4.7,39.7,50.2,Luanda,46.4,50822.0,63.4,8.5,10.2,105.9,61.5,-1.2,171.0,32866.0,66.2,61.8,Angola,3.3,Middle Africa,26.4,14.3,3437.3,5.6,70.1,121.1,18.0,218.0
1611.0,93.3,442.0,75.7,,568.0,11.1,"{'code': 'XCD', 'name': 'E. Caribbean Dollar'}",AG,81.6,15.6,0.1,109.1,2.8,Saint John's,22.3,37.0,77.9,34.3,15.3,104.6,5.2,7.4,61.0,98.0,24.5,113.3,Antigua And Barbuda,0.9,Caribbean,222.6,76.0,16727.0,2.0,0.2,105.4,,269.0
518475.0,95.3,2780400.0,73.0,10.4,49125.0,5.3,"{'code': 'ARS', 'name': 'Argentine Peso'}",AR,78.9,21.0,1.2,111.0,0.1,Buenos Aires,9.9,65114.0,79.8,112.8,67.8,109.6,10.2,-2.5,285.0,45196.0,92.0,106.5,Argentina,1.0,South America,16.5,74.3,11687.6,2.3,165.6,109.9,183.4,6942.0
12433.0,88.8,29743.0,71.1,16.6,5053.0,1.7,"{'code': 'AMD', 'name': 'Armenian Dram'}",AM,53.6,17.5,0.2,84.8,28.9,Yerevan,11.7,2612.0,78.3,62.6,47.1,92.7,10.8,5.2,119.0,2963.0,63.2,81.7,Armenia,0.3,Western Asia,104.1,64.7,4212.1,1.8,19.0,92.7,5.2,1652.0
1453871.0,99.2,7692060.0,81.2,5.3,221481.0,0.9,"{'code': 'AUD', 'name': 'Australian Dollar'}",AU,77.7,19.8,1.6,141.2,2.5,Canberra,16.2,266377.0,85.2,133.3,93.8,100.3,3.1,2.0,1308.0,25500.0,86.1,159.0,Australia,1.3,Oceania,3.3,86.5,58392.7,1.8,129.2,100.3,384.6,9246.0
455508.0,97.2,83871.0,78.9,4.8,176596.0,1.0,"{'code': 'EUR', 'name': 'Euro'}",AT,71.5,25.0,0.7,98.3,3.5,Vienna,46.9,171532.0,83.8,92.5,78.1,103.0,3.2,2.4,185.0,9006.0,58.5,102.5,Austria,0.7,Western Europe,109.3,87.5,51230.3,1.5,163.7,103.2,64.9,30816.0
46939.0,99.8,86600.0,70.3,6.0,13649.0,2.2,"{'code': 'AZN', 'name': 'Azerbaijan Manat'}",AZ,49.5,15.0,1.7,94.5,35.5,Baku,13.8,19636.0,75.3,29.7,25.9,100.0,20.8,1.4,102.0,10139.0,56.0,94.4,Azerbaijan,1.0,Western Asia,122.7,79.8,4717.7,2.1,625.2,99.5,30.8,2633.0
12424.0,94.5,13940.0,71.5,11.3,4087.0,32.0,"{'code': 'BSD', 'name': 'Bahamian Dollar'}",BS,83.9,14.0,1.5,71.6,2.1,Nassau,51.4,494.0,75.9,,,81.2,5.9,1.6,96.0,393.0,83.1,67.3,Bahamas,1.0,Caribbean,39.3,85.0,32218.1,1.8,0.0,81.6,,1633.0
37876.0,183.1,771.0,76.2,0.8,18680.0,0.5,"{'code': 'BHD', 'name': 'Bahraini Dinar'}",BH,64.0,35.1,2.1,101.7,1.0,Manama,0.8,14355.0,78.2,67.8,37.0,98.8,6.0,2.5,47.0,1702.0,89.4,95.8,Bahrain,4.3,Western Asia,2238.9,98.6,24133.5,2.0,0.3,100.0,29.8,12045.0
269628.0,102.2,147570.0,70.5,4.2,66060.0,2.4,"{'code': 'BDT', 'name': 'Taka'}",BD,40.6,21.6,3.5,78.3,37.7,Dhaka,11.0,34186.0,74.1,17.0,24.0,120.8,26.8,7.9,165.0,164689.0,37.4,67.4,Bangladesh,1.1,Southern Asia,1265.2,15.0,1670.8,2.1,911.8,112.4,78.3,1026.0
5087.0,93.8,431.0,77.6,10.9,1618.0,9.8,"{'code': 'BBD', 'name': 'Barbados Dollar'}",BB,78.5,18.9,-0.1,105.8,2.6,Bridgetown,14.7,462.0,80.4,90.6,40.3,97.5,10.0,-0.4,62.0,287.0,31.2,101.8,Barbados,0.1,Caribbean,668.3,81.8,17745.9,1.6,0.0,101.2,,680.0
59662.0,87.1,207600.0,69.3,4.6,39317.0,2.4,"{'code': 'BYN', 'name': 'Belarusian Ruble'}",BY,59.0,30.2,0.7,101.7,10.8,Minsk,42.5,32764.0,79.3,95.1,80.2,100.4,3.0,3.0,30.0,9449.0,79.0,103.1,Belarus,0.0,Eastern Europe,46.6,79.1,6311.7,1.7,8.6,100.6,54.1,11502.0
543026.0,98.3,30528.0,79.0,5.7,426489.0,1.7,"{'code': 'EUR', 'name': 'Euro'}",BE,78.4,20.6,0.7,167.8,0.9,Brussels,22.6,445214.0,83.7,90.5,69.3,104.0,2.8,1.5,66.0,11590.0,98.0,149.7,Belgium,0.5,Western Europe,382.7,88.7,47293.0,1.7,83.5,103.9,90.4,9119.0
1871.0,98.9,22966.0,71.4,6.4,986.0,37.8,"{'code': 'BZD', 'name': 'Belize Dollar'}",BZ,67.7,15.7,2.3,87.1,16.6,Belmopan,59.9,245.0,77.6,30.5,18.8,108.7,12.8,2.1,143.0,398.0,45.9,83.7,Belize,1.9,Central America,17.4,47.1,4884.7,2.3,6.5,114.6,,489.0
10412.0,99.8,114763.0,59.8,2.0,3967.0,1.1,"{'code': 'XOF', 'name': 'Cfa Franc, Bceao'}",BJ,42.9,19.1,4.0,50.7,38.0,Porto-Novo,38.2,1706.0,62.8,7.5,17.0,118.0,61.1,6.5,106.0,12123.0,47.9,67.1,Benin,2.7,Western Africa,107.5,20.0,906.5,4.9,1.6,125.8,6.8,295.0
2658.0,113.4,38394.0,71.0,2.4,1049.0,1.2,"{'code': 'BTN', 'name': 'Ngultrum'}",BT,34.3,11.1,3.7,95.7,54.6,Thimphu,72.2,659.0,71.6,15.5,15.6,100.2,24.1,5.8,101.0,772.0,41.6,84.7,Bhutan,1.2,Southern Asia,20.2,48.1,3523.8,2.0,,100.1,,274.0
40288.0,100.7,1098581.0,68.3,3.4,9783.0,6.2,"{'code': 'BOB', 'name': 'Boliviano'}",BO,50.3,19.4,2.1,88.8,30.4,Sucre,50.6,8988.0,74.0,,,97.6,29.7,4.2,296.0,11673.0,69.8,90.7,"Bolivia, Plurinational State Of",1.4,South America,10.8,44.3,3548.6,2.8,0.9,98.6,21.9,1142.0
19782.0,96.0,51209.0,74.6,18.4,11159.0,1.2,"{'code': 'BAM', 'name': 'Convertible Mark'}",BA,52.6,32.3,-0.3,,15.1,Sarajevo,42.7,6578.0,79.6,,,,6.0,2.6,104.0,3281.0,48.6,,Bosnia And Herzegovina,-0.9,Southern Europe,64.3,70.1,5951.4,1.3,151.7,,22.3,1053.0
18615.0,93.9,582000.0,66.0,18.7,6559.0,15.2,"{'code': 'BWP', 'name': 'Pula'}",BW,61.5,18.1,3.3,83.5,20.4,Gaborone,19.1,5238.0,71.9,29.2,20.5,102.1,30.2,4.5,33.0,2352.0,70.2,76.4,Botswana,2.1,Southern Africa,4.1,47.0,8258.2,2.9,2.3,104.4,7.7,1623.0
1868613.0,96.6,8515767.0,71.9,12.0,177348.0,27.4,"{'code': 'BRL', 'name': 'Brazilian Real'}",BR,71.3,19.6,1.2,102.4,9.1,Brasilia,59.0,225383.0,79.3,59.4,43.5,113.4,13.0,1.1,1078.0,212559.0,86.8,99.3,Brazil,0.8,South America,25.4,70.4,8920.7,1.7,271.6,117.4,427.6,6621.0
13567.0,107.8,5765.0,74.5,9.0,5103.0,0.5,"{'code': 'BND', 'name': 'Brunei Dollar'}",BN,82.8,15.8,1.9,94.6,1.3,Bandar Seri Begawan,72.1,7039.0,76.9,38.7,24.8,103.6,7.9,0.1,275.0,438.0,77.9,92.4,Brunei Darussalam,1.1,South-Eastern Asia,83.0,94.9,31627.2,1.8,20.9,102.7,6.7,278.0
66199.0,94.4,111002.0,71.3,3.8,37902.0,1.3,"{'code': 'BGN', 'name': 'Bulgarian Lev'}",BG,63.7,30.1,-0.2,96.8,6.3,Sofia,35.2,33638.0,78.5,78.8,63.7,89.1,6.3,3.1,127.0,6948.0,75.3,99.5,Bulgaria,-0.7,Eastern Europe,64.0,64.8,9387.8,1.6,21.2,89.6,42.8,9273.0
16200.0,99.9,272967.0,60.1,6.4,5193.0,1.3,"{'code': 'XOF', 'name': 'Cfa Franc, Bceao'}",BF,41.4,33.9,5.2,40.7,24.7,Ouagadougou,19.6,2927.0,61.6,4.8,8.2,95.3,54.2,6.8,36.0,20903.0,30.0,40.7,Burkina Faso,2.9,Western Africa,76.4,16.0,820.2,5.2,196.3,96.9,,144.0
3285.0,98.5,27830.0,59.2,1.4,792.0,6.1,"{'code': 'BIF', 'name': 'Burundi Franc'}",BI,6.5,1.4,5.6,51.1,92.0,Gitega,10.7,155.0,62.8,3.8,8.4,122.2,42.4,0.1,188.0,11891.0,13.4,45.8,Burundi,3.1,Eastern Africa,463.0,2.7,294.0,5.4,121.2,120.7,,299.0
1977.0,100.8,4033.0,69.2,12.3,941.0,6.8,"{'code': 'CVE', 'name': 'Cabo Verde Escudo'}",CV,66.8,22.1,2.0,92.5,11.1,Praia,22.3,76.0,75.9,28.3,19.0,100.5,16.9,5.1,119.0,556.0,66.2,83.9,Cape Verde,1.2,Western Africa,138.0,57.2,3635.4,2.3,0.1,107.5,,710.0
24572.0,95.4,181035.0,67.2,0.7,21413.0,1.8,"{'code': 'KHR', 'name': 'Riel'}",KH,39.2,29.6,3.4,41.6,31.2,Phnom Penh,53.6,14276.0,71.5,12.9,14.4,106.1,23.7,7.5,280.0,16719.0,23.8,48.7,Cambodia,1.5,South-Eastern Asia,94.7,40.0,1512.1,2.5,57.4,108.7,10.8,6201.0
38694.0,100.1,475650.0,57.5,3.4,3262.0,1.4,"{'code': 'XAF', 'name': 'Cfa Franc, Beac'}",CM,42.1,15.1,3.8,55.4,42.9,Yaoundã,39.8,1750.0,60.0,11.4,14.1,98.0,61.2,4.1,890.0,26546.0,57.0,64.6,Cameroon,2.6,Middle Africa,56.2,23.2,1534.5,4.6,1463.2,108.7,6.2,1081.0
1712562.0,98.5,9984670.0,80.2,5.4,453234.0,1.8,"{'code': 'CAD', 'name': 'Canadian Dollar'}",CA,79.2,19.4,1.1,114.5,1.4,Ottawa,38.7,446148.0,84.2,79.3,59.1,100.8,4.5,1.9,173.0,37742.0,81.5,113.0,Canada,0.9,Northern America,4.2,91.0,46192.4,1.5,189.8,101.1,547.8,21134.0
2243.0,98.3,622984.0,50.5,3.7,89.0,20.1,"{'code': 'XAF', 'name': 'Cfa Franc, Beac'}",CF,17.5,5.4,1.1,13.8,77.1,Bangui,35.6,324.0,54.9,1.6,4.4,89.4,81.9,4.3,73.0,4830.0,41.8,20.5,Central African Republic,1.4,Middle Africa,7.8,4.3,480.7,4.8,712.6,114.6,,107.0
11387.0,99.7,1284000.0,52.4,1.9,319.0,,"{'code': 'XAF', 'name': 'Cfa Franc, Beac'}",TD,21.6,2.1,3.8,14.2,76.3,N'djamena,3.9,613.0,55.2,1.5,5.0,75.5,74.5,2.4,48.0,16426.0,23.3,30.9,Chad,3.0,Middle Africa,13.0,6.5,735.7,5.8,667.4,98.2,,87.0
298231.0,97.3,756102.0,77.4,7.1,69591.0,4.4,"{'code': 'CLP', 'name': 'Chilean Peso'}",CL,69.2,22.0,1.0,102.0,8.8,Santiago,23.9,69681.0,82.3,94.7,82.5,99.9,6.7,4.0,240.0,19116.0,87.6,101.6,Chile,1.2,South America,25.7,82.3,15923.4,1.6,385.5,102.9,86.1,5723.0
13608152.0,105.3,9600000.0,74.5,4.4,2070150.0,0.5,"{'code': 'CNY', 'name': 'Yuan Renminbi'}",CN,47.1,28.2,2.9,88.0,24.7,Beijing,22.1,2491820.0,79.0,55.9,45.9,100.8,9.9,6.6,1172.0,1439324.0,60.3,88.3,China,0.5,Eastern Asia,153.3,54.3,9531.9,1.7,322.4,99.7,9257.9,62900.0
330228.0,96.5,1141748.0,74.2,9.7,52696.0,25.3,"{'code': 'COP', 'name': 'Colombian Peso'}",CO,63.5,20.0,1.4,100.1,16.5,Bogota,52.7,39489.0,79.8,59.7,51.1,112.8,12.6,2.7,1025.0,50883.0,81.1,95.0,Colombia,1.4,South America,45.9,64.1,6649.6,1.8,9717.2,116.2,75.3,3904.0
1166.0,101.8,2235.0,62.3,4.4,201.0,,"{'code': 'KMF', 'name': 'Comorian Franc'}",KM,37.0,13.0,2.7,61.4,49.9,Moroni,19.9,49.0,65.8,8.0,9.9,99.4,53.1,3.0,127.0,870.0,29.2,57.6,Comoros,2.2,Eastern Africa,467.3,8.5,1400.5,4.2,0.0,99.6,,36.0
14173.0,99.8,342000.0,62.7,9.3,2242.0,,"{'code': 'XAF', 'name': 'Cfa Franc, Beac'}",CG,44.5,21.7,3.3,48.8,33.8,Brazzaville,65.4,5576.0,65.6,10.1,15.2,110.5,35.3,1.0,155.0,5518.0,67.4,56.3,Congo,2.6,Middle Africa,16.2,8.6,2702.6,4.4,189.8,102.8,2.8,156.0
47146.0,99.7,2344858.0,58.7,4.2,5159.0,,"{'code': 'CDF', 'name': 'Congolese Franc'}",CD,25.1,9.8,4.6,36.0,65.1,Kinshasa,67.3,3477.0,61.7,4.7,8.5,107.6,64.9,5.8,497.0,89561.0,45.0,56.3,"Congo, The Democratic Republic Of The",3.2,Middle Africa,39.5,8.6,560.8,6.0,5057.8,108.4,2.2,351.0
60126.0,99.8,51100.0,77.4,12.7,16106.0,11.3,"{'code': 'CRC', 'name': 'Costa Rican Colon'}",CR,68.3,19.8,2.5,137.7,11.9,San Josã,54.0,11449.0,82.7,60.7,50.0,113.8,7.3,2.7,363.0,5094.0,80.1,128.1,Costa Rica,1.0,Central America,99.8,74.1,12026.5,1.8,79.2,112.8,7.6,3017.0
60991.0,93.1,56594.0,75.0,7.1,28004.0,0.6,"{'code': 'HRK', 'name': 'Kuna'}",HR,66.8,27.5,-0.1,101.8,5.8,Zagreb,34.0,17063.0,81.4,78.8,57.4,96.5,4.0,2.7,212.0,4105.0,57.2,97.1,Croatia,-0.6,Southern Europe,73.4,75.3,14674.0,1.4,8.3,96.4,16.2,16645.0
100023.0,98.6,109884.0,76.7,1.6,7498.0,5.0,"{'code': 'CUP', 'name': 'Cuban Peso'}",CU,65.9,16.8,0.3,101.9,17.3,Havana,30.8,828.0,80.7,51.0,32.3,99.6,4.5,2.2,357.0,11327.0,77.1,100.4,Cuba,0.0,Caribbean,106.4,57.1,8821.8,1.6,0.3,104.1,26.2,4684.0
24963.0,99.9,9251.0,78.6,7.2,9219.0,1.3,"{'code': 'EUR', 'name': 'Euro'}",CY,81.7,16.3,0.7,99.5,2.0,Nicosia,18.7,3528.0,82.8,82.4,69.6,99.4,3.5,4.1,84.0,1207.0,66.8,101.1,Cyprus,0.8,Western Asia,130.7,84.4,28967.6,1.3,33.3,99.3,6.4,3939.0
245226.0,97.0,78868.0,76.5,1.9,178552.0,0.6,"{'code': 'CZK', 'name': 'Czech Koruna'}",CZ,60.2,37.1,0.2,103.9,2.6,Prague,34.5,198852.0,81.8,75.3,53.4,101.0,2.3,3.0,104.0,10709.0,73.9,103.1,Czech Republic,0.2,Eastern Europe,138.6,80.7,22992.1,1.6,5.7,100.4,101.7,13665.0
355675.0,98.9,42921.0,78.7,4.8,97196.0,1.0,"{'code': 'DKK', 'name': 'Danish Krone'}",DK,79.6,18.3,0.6,129.8,2.1,Copenhagen,15.3,109942.0,82.7,93.6,68.4,100.9,3.1,2.4,77.0,5792.0,88.0,128.4,Denmark,0.4,Northern Europe,136.5,97.3,61833.7,1.8,47.4,101.6,31.3,12749.0
2923.0,110.7,23200.0,64.6,10.3,1344.0,,"{'code': 'DJF', 'name': 'Djibouti Franc'}",DJ,54.3,13.3,1.8,52.9,32.4,Djibouti,0.2,143.0,68.7,4.6,6.0,75.1,33.4,5.6,110.0,988.0,77.9,51.2,Djibouti,1.6,Eastern Africa,42.6,55.7,3048.6,2.8,30.1,75.4,,63.0
551.0,103.0,750.0,73.8,,304.0,26.6,"{'code': 'XCD', 'name': 'E. Caribbean Dollar'}",DM,,,0.9,93.8,,Roseau,57.8,18.0,78.2,,,113.2,,2.3,74.0,75.0,70.8,94.7,Dominica,0.5,Caribbean,100.1,69.6,7691.3,,,116.2,,63.0
81299.0,99.8,48671.0,70.7,5.9,20599.0,10.0,"{'code': 'DOP', 'name': 'Dominican Peso'}",DO,71.3,19.9,2.5,83.0,8.8,Santo Domingo,41.0,11117.0,77.1,77.0,43.0,102.5,25.9,7.0,203.0,10848.0,81.8,77.0,Dominican Republic,1.1,Caribbean,224.5,74.8,7650.1,2.4,28.9,108.8,21.4,6569.0
2581.0,102.2,14919.0,67.2,4.6,536.0,4.1,"{'code': 'USD', 'name': 'Us Dollar'}",TL,46.4,9.8,3.5,87.0,43.7,Dili,46.1,154.0,71.3,14.8,20.6,113.2,37.3,2.8,41.0,1318.0,30.9,80.3,Timor-Leste,1.9,South-Eastern Asia,88.7,27.5,2035.5,4.1,0.0,117.3,,75.0
108398.0,100.1,257217.0,74.0,4.2,22425.0,5.8,"{'code': 'USD', 'name': 'Us Dollar'}",EC,52.5,18.2,1.8,102.8,29.4,Quito,50.5,22245.0,79.6,48.4,41.5,104.1,13.6,1.4,2501.0,17643.0,64.0,100.1,Ecuador,1.7,South America,71.0,57.3,6344.9,2.4,420.5,102.4,34.3,2535.0
249751.0,102.1,1002000.0,69.5,10.1,78658.0,2.6,"{'code': 'EGP', 'name': 'Egyptian Pound'}",EG,48.6,28.2,2.1,87.3,23.3,Cairo,0.1,30633.0,74.1,35.8,34.6,106.5,15.6,5.3,172.0,102334.0,42.7,88.5,Egypt,2.0,Northern Africa,102.8,46.9,2537.5,3.3,319.5,106.1,209.2,11196.0
26057.0,88.0,21041.0,68.1,4.2,12018.0,52.0,"{'code': 'USD', 'name': 'Us Dollar'}",SV,62.0,22.1,1.7,71.4,16.0,San Salvador,12.8,5943.0,77.5,31.1,27.5,93.3,14.6,2.5,107.0,6486.0,72.7,71.9,El Salvador,0.5,Central America,313.0,33.8,4058.2,2.1,75.3,96.3,5.7,1677.0
13324.0,125.3,28052.0,57.3,6.5,3902.0,,"{'code': 'XAF', 'name': 'Cfa Franc, Beac'}",GQ,38.9,18.5,5.6,22.1,42.5,Malabo,55.9,3939.0,59.4,,,61.6,66.1,-4.7,205.0,1403.0,72.6,29.9,Equatorial Guinea,3.7,Middle Africa,50.0,26.2,10179.2,4.6,,62.0,,
6855.0,100.5,117600.0,63.6,5.2,5677.0,,"{'code': 'ERN', 'name': 'Nakfa'}",ER,30.7,8.5,3.6,45.4,60.8,Asmara,15.0,18.0,68.0,2.8,3.9,63.1,34.7,4.2,143.0,3546.0,40.7,49.9,Eritrea,1.2,Eastern Africa,35.1,1.3,1985.4,4.1,0.9,73.6,0.6,142.0
30747.0,90.0,45227.0,74.0,5.4,18659.0,2.1,"{'code': 'EUR', 'name': 'Euro'}",EE,67.6,29.4,-0.2,118.9,3.1,Tallinn,51.3,16811.0,82.5,84.8,55.4,97.3,2.0,4.8,48.0,1326.0,69.1,116.2,Estonia,0.2,Northern Europe,31.3,89.4,23241.9,1.6,77.0,97.2,16.0,3234.0
4711.0,96.7,17363.0,55.2,22.0,1832.0,11.6,"{'code': 'SZL', 'name': 'Lilangeni'}",SZ,64.2,23.5,2.6,82.2,12.3,Mbabane,34.1,2002.0,63.9,6.6,7.0,110.3,41.4,2.4,41.0,1160.0,24.0,82.6,Swaziland,1.0,Southern Africa,67.5,47.0,4145.7,3.0,1.8,119.9,,782.0
80292.0,100.1,1104300.0,64.1,2.1,9675.0,8.8,"{'code': 'ETB', 'name': 'Ethiopian Birr'}",ET,24.0,10.4,4.9,34.2,65.6,Addis Ababa,12.5,938.0,67.9,5.3,10.9,96.1,37.0,6.8,180.0,114964.0,21.2,35.6,Ethiopia,2.6,Eastern Africa,115.0,18.6,735.1,4.3,5444.5,105.8,13.1,849.0
5537.0,102.6,18272.0,65.6,4.1,2650.0,2.3,"{'code': 'FJD', 'name': 'Fiji Dollar'}",FJ,51.0,13.3,1.7,94.3,35.7,Suva,55.7,1137.0,69.1,17.6,14.7,105.2,20.3,3.5,321.0,896.0,56.8,85.7,Fiji,0.6,Melanesia,49.1,50.0,6267.0,2.8,0.0,107.6,,870.0
276878.0,97.3,338440.0,78.8,6.7,73335.0,1.6,"{'code': 'EUR', 'name': 'Euro'}",FI,74.5,22.0,0.8,161.5,3.5,Helsinki,73.1,72802.0,84.5,95.7,81.0,99.9,1.7,1.7,61.0,5541.0,85.4,146.8,Finland,0.2,Northern Europe,18.2,88.9,50135.7,1.5,35.0,100.4,42.6,3224.0
2778892.0,93.8,551500.0,79.4,8.3,651164.0,1.2,"{'code': 'EUR', 'name': 'Euro'}",FR,77.7,19.9,0.8,104.1,2.4,Paris,31.0,569757.0,85.4,72.8,58.7,102.2,3.0,1.7,366.0,65274.0,80.7,103.5,France,0.3,Western Europe,119.2,82.0,41358.1,1.9,473.4,102.8,306.1,89322.0
16994.0,103.7,267668.0,64.0,20.2,2548.0,,"{'code': 'XAF', 'name': 'Cfa Franc, Beac'}",GA,56.9,10.8,3.9,,32.4,Libreville,89.3,486.0,68.2,,,137.7,35.3,1.2,329.0,2226.0,89.7,,Gabon,2.7,Middle Africa,8.6,62.0,8018.8,4.0,0.7,142.1,3.4,269.0
1633.0,98.4,11295.0,60.2,9.1,494.0,,"{'code': 'GMD', 'name': 'Dalasi'}",GM,57.7,15.8,4.4,49.1,26.6,Banjul,48.2,25.0,63.0,2.2,3.2,102.5,44.8,6.5,87.0,2417.0,61.9,51.2,Gambia,2.9,Western Africa,238.8,19.8,716.1,5.2,4.4,93.6,,552.0
17600.0,91.1,69700.0,69.1,14.7,9098.0,2.2,"{'code': 'GEL', 'name': 'Lari'}",GE,44.5,14.2,-0.7,106.8,41.3,Tbilisi,40.6,3764.0,77.9,68.1,60.2,99.2,9.4,4.8,126.0,3989.0,59.0,105.3,Georgia,-0.2,Western Asia,57.4,62.7,4396.7,2.1,287.4,98.1,8.7,4757.0
3949549.0,97.8,357376.0,78.7,3.0,1240700.0,0.9,"{'code': 'EUR', 'name': 'Euro'}",DE,72.1,26.8,0.3,95.2,1.2,Berlin,32.7,1493090.0,83.6,70.7,69.8,104.2,3.2,1.5,200.0,83784.0,77.4,101.4,Germany,0.5,Western Europe,240.4,89.7,47513.7,1.6,1461.0,103.9,718.8,38881.0
65535.0,102.8,238537.0,62.6,4.5,10440.0,2.1,"{'code': 'GHS', 'name': 'Ghana Cedi'}",GH,49.4,22.2,3.6,64.5,28.5,Accra,41.0,16768.0,64.7,13.6,17.7,105.6,35.6,6.3,255.0,31073.0,56.7,64.6,Ghana,2.2,Western Africa,136.6,39.0,2201.6,3.9,13.4,104.1,13.8,897.0
218139.0,96.4,131957.0,79.5,15.5,62198.0,0.9,"{'code': 'EUR', 'name': 'Euro'}",GR,73.1,15.2,0.1,101.4,11.7,Athens,31.5,37886.0,84.5,137.0,136.2,99.6,2.8,1.9,520.0,10423.0,79.4,107.5,Greece,-0.4,Southern Europe,80.9,73.0,20731.2,1.3,147.1,99.5,63.2,30123.0
1169.0,101.5,345.0,70.1,,470.0,10.8,"{'code': 'XCD', 'name': 'E. Caribbean Dollar'}",GD,,,0.5,122.1,,Saint George's,50.0,32.0,75.0,116.2,93.2,106.0,15.0,4.1,60.0,112.0,36.4,118.2,Grenada,0.5,Caribbean,331.0,59.1,10485.9,2.1,0.0,107.7,,185.0
78461.0,97.1,108889.0,71.0,2.5,19871.0,22.5,"{'code': 'GTQ', 'name': 'Quetzal'}",GT,50.3,18.4,2.7,51.4,31.3,Guatemala City,33.0,11289.0,76.8,23.6,20.0,100.5,20.7,3.1,352.0,17916.0,51.4,54.0,Guatemala,1.9,Central America,167.2,65.0,4549.0,2.9,146.8,103.2,15.7,1781.0
11640.0,93.7,245857.0,60.3,4.3,2032.0,,"{'code': 'GNF', 'name': 'Guinean Franc'}",GN,32.5,6.2,3.1,31.0,61.3,Conakry,25.9,2384.0,61.5,7.0,16.2,82.4,51.6,5.8,365.0,13133.0,36.5,47.5,Guinea,2.8,Western Africa,53.4,18.0,937.6,4.7,6.4,100.5,,99.0
1459.0,95.8,36125.0,55.8,2.5,188.0,1.1,"{'code': 'XOF', 'name': 'Cfa Franc, Bceao'}",GW,25.2,7.0,3.6,,67.8,Bissau,70.1,3731.0,59.7,,,114.5,57.1,3.8,92.0,1968.0,43.8,,Guinea-Bissau,2.5,Western Africa,70.0,3.9,778.4,4.5,1.9,122.9,,45.0
3818.0,101.2,214969.0,66.7,11.8,3467.0,14.2,"{'code': 'GYD', 'name': 'Guyana Dollar'}",GY,60.3,22.9,0.4,99.2,16.8,Georgetown,84.0,1405.0,72.9,15.4,7.8,96.0,26.8,3.4,122.0,787.0,26.7,96.3,Guyana,0.5,South America,4.0,37.3,4900.8,2.5,36.5,99.6,,287.0
9287.0,97.4,27750.0,61.4,13.9,3118.0,6.7,"{'code': 'HTG', 'name': 'Gourde'}",HT,65.0,6.6,3.3,,28.3,Port-Au-Prince,3.5,746.0,65.7,,,,54.3,1.5,269.0,11402.0,56.2,,Haiti,1.3,Caribbean,413.7,32.5,834.9,3.0,3.0,,3.3,447.0
23970.0,99.9,112492.0,72.7,5.2,10059.0,38.9,"{'code': 'HNL', 'name': 'Lempira'}",HN,50.2,19.7,3.0,55.9,30.1,Tegucigalpa,41.0,4161.0,77.3,30.3,22.2,91.5,15.0,3.7,342.0,9905.0,57.7,48.6,Honduras,1.7,Central America,88.5,31.7,2500.1,2.5,251.6,91.6,9.4,851.0
157883.0,90.8,93024.0,73.0,3.5,116556.0,2.5,"{'code': 'HUF', 'name': 'Forint'}",HU,62.6,32.8,0.2,103.6,4.6,Budapest,22.7,121995.0,80.1,53.9,43.3,100.5,4.1,5.1,123.0,9660.0,71.6,103.4,Hungary,-0.2,Eastern Europe,106.7,76.1,16264.0,1.5,6.4,101.1,45.8,17552.0
25882.0,100.9,103000.0,81.2,3.2,6579.0,0.9,"{'code': 'ISK', 'name': 'Iceland Krona'}",IS,80.1,16.1,0.6,116.9,3.8,Reykjavik,0.5,5228.0,84.3,94.4,50.6,100.3,1.3,4.6,36.0,341.0,93.9,118.1,Iceland,0.7,Northern Europe,3.4,99.0,76867.3,1.8,1.2,100.4,2.2,2344.0
2779352.0,108.2,3287263.0,68.1,5.4,478884.0,3.1,"{'code': 'INR', 'name': 'Indian Rupee'}",IN,32.3,26.2,2.4,76.6,41.5,New Delhi,23.8,323251.0,70.5,29.1,27.2,121.1,32.0,6.8,1118.0,1380004.0,34.5,73.9,India,1.0,Southern Asia,464.1,34.4,2054.8,2.2,206.6,105.6,2161.6,17423.0
1042173.0,101.4,1910931.0,69.3,4.8,170727.0,0.4,"{'code': 'IDR', 'name': 'Rupiah'}",ID,49.6,22.7,2.6,90.0,27.7,Jakarta,48.5,167003.0,73.6,39.0,33.8,104.6,18.9,5.2,1654.0,273524.0,56.0,87.8,Indonesia,1.1,South-Eastern Asia,151.0,39.9,3893.5,2.3,14.0,108.1,496.4,15810.0
473091.0,102.0,1628750.0,75.3,11.2,20502.0,2.5,"{'code': 'IRR', 'name': 'Iranian Rial'}",IR,51.9,30.3,2.0,84.7,17.8,Tehran,6.6,17394.0,77.6,62.9,73.3,113.9,12.8,-4.8,161.0,83993.0,75.4,87.9,"Iran, Islamic Republic Of",1.4,Southern Asia,51.6,70.0,5783.5,2.2,979.5,107.7,567.1,7295.0
212272.0,102.5,435052.0,68.3,12.8,31372.0,10.1,"{'code': 'IQD', 'name': 'Iraqi Dinar'}",IQ,59.9,22.4,3.4,46.0,17.8,Baghdad,1.9,4658.0,72.4,12.0,20.1,99.1,24.1,-1.0,80.0,40222.0,70.7,61.4,Iraq,2.5,Western Asia,92.6,75.0,5523.1,3.7,2132.4,117.8,139.9,892.0
382674.0,98.6,69797.0,80.4,5.2,101473.0,0.9,"{'code': 'EUR', 'name': 'Euro'}",IE,77.0,18.5,0.6,124.3,4.5,Dublin,10.9,170743.0,83.7,82.0,73.7,100.7,2.7,8.2,79.0,4938.0,63.4,126.3,Ireland,1.2,Northern Europe,71.7,84.5,79414.6,1.8,14.4,101.0,35.7,10926.0
370588.0,99.1,22072.0,81.0,3.8,76579.0,1.5,"{'code': 'ILS', 'name': 'New Israeli Sheqel'}",IL,82.3,16.8,1.7,106.0,0.9,Jerusalem,7.6,58488.0,84.3,74.5,52.8,105.4,2.7,3.4,207.0,8656.0,92.5,104.2,Israel,1.6,Western Asia,400.0,83.7,44214.9,3.0,55.1,104.4,63.8,4121.0
2084882.0,94.9,302073.0,81.0,9.8,473562.0,0.6,"{'code': 'EUR', 'name': 'Euro'}",IT,70.8,25.6,0.3,100.9,3.6,Rome,31.6,532684.0,85.4,71.5,53.0,100.3,2.6,0.8,482.0,60462.0,70.7,101.6,Italy,-0.0,Southern Europe,205.6,74.4,34388.5,1.3,261.4,103.4,321.5,61567.0
43028.0,101.7,322463.0,56.1,3.4,10483.0,,"{'code': 'XOF', 'name': 'Cfa Franc, Bceao'}",CI,47.3,13.4,3.4,44.3,39.3,Yamoussoukro,32.7,12718.0,58.6,7.6,11.1,96.0,60.4,7.4,280.0,26378.0,51.2,57.7,Cote D'ivoire,2.5,Western Africa,83.0,46.8,1716.4,4.7,692.8,103.6,10.2,1965.0
15714.0,98.5,10990.0,72.8,8.0,6339.0,43.9,"{'code': 'JMD', 'name': 'Jamaican Dollar'}",JM,68.1,16.2,0.8,83.6,15.7,Kingston,31.0,1586.0,75.9,34.7,19.9,88.9,11.8,1.9,323.0,2961.0,56.0,81.0,Jamaica,0.5,Caribbean,273.4,55.1,5354.3,2.0,0.0,93.0,7.0,2473.0
4971323.0,95.4,377930.0,81.3,2.3,720895.0,0.3,"{'code': 'JPY', 'name': 'Yen'}",JP,72.6,24.1,0.0,,3.4,Tokyo,68.5,705640.0,87.5,,,,1.8,0.8,470.0,126476.0,91.7,,Japan,-0.2,Eastern Asia,346.9,91.3,39082.1,1.4,31.5,,1132.4,31192.0
42231.0,102.6,89318.0,72.7,14.6,19669.0,1.4,"{'code': 'JOD', 'name': 'Jordanian Dinar'}",JO,72.6,24.4,5.8,64.2,3.0,Amman,1.1,8146.0,76.1,37.4,31.5,80.7,14.6,1.9,121.0,10203.0,91.2,62.1,Jordan,1.9,Western Asia,114.9,66.8,4237.8,2.8,756.1,82.2,25.6,4150.0
179340.0,94.3,2724902.0,68.8,4.6,38357.0,5.1,"{'code': 'KZT', 'name': 'Tenge'}",KZ,64.1,20.5,1.7,113.8,15.4,Nur-Sultan,1.2,57723.0,77.4,68.4,55.4,105.3,7.7,4.1,81.0,18777.0,57.5,112.7,Kazakhstan,1.3,Central Asia,7.0,78.9,9789.5,2.8,8.9,103.5,255.8,4560.0
87906.0,98.8,591958.0,63.8,2.6,19845.0,4.9,"{'code': 'KES', 'name': 'Kenyan Shilling'}",KE,38.7,7.4,4.4,53.7,53.8,Nairobi,7.8,6526.0,68.5,9.7,13.2,103.4,36.3,6.3,549.0,53771.0,27.5,59.9,Kenya,2.3,Eastern Africa,94.5,17.8,1710.5,3.5,492.5,103.0,16.3,1364.0
189.0,96.8,726.0,63.9,30.6,554.0,7.5,"{'code': 'AUD', 'name': 'Australian Dollar'}",KI,61.8,16.1,3.5,91.4,22.1,Bairiki,15.0,10.0,72.0,,,104.9,43.0,2.3,108.0,119.0,54.8,82.7,Kiribati,1.5,Micronesia,147.5,14.6,1627.4,3.6,,97.9,,7.0
17487.0,95.7,120538.0,68.3,2.8,3273.0,,"{'code': 'KPW', 'name': 'North Korean Won'}",KP,35.7,13.2,0.8,93.3,51.1,Pyongyang,41.8,1080.0,75.4,18.2,35.5,112.8,13.9,-4.1,88.0,25779.0,62.1,92.3,"Korea, Democratic People's Republic Of",0.5,Eastern Asia,214.1,0.0,687.9,1.9,,112.8,19.6,
1720489.0,100.2,100284.0,79.6,4.6,503263.0,0.6,"{'code': 'KRW', 'name': 'South Korean Won'}",KR,70.2,25.0,0.3,100.0,4.8,Seoul,63.4,542172.0,85.7,82.8,104.8,98.0,2.1,2.7,136.0,51269.0,81.4,100.6,"Korea, Republic Of",0.2,Eastern Asia,527.3,96.0,33621.9,1.1,27.7,98.2,600.0,15347.0
141698.0,157.9,17818.0,74.6,2.3,40063.0,1.8,"{'code': 'KWD', 'name': 'Kuwaiti Dinar'}",KW,73.7,24.4,5.4,101.0,2.0,Kuwait City,0.4,81282.0,76.4,76.1,35.8,97.2,7.1,1.2,57.0,4271.0,100.0,94.9,Kuwait,2.1,Western Asia,239.7,99.6,34248.8,2.1,93.7,88.1,89.4,8508.0
8093.0,97.9,199949.0,67.2,6.6,5906.0,2.2,"{'code': 'KGS', 'name': 'Som'}",KG,54.9,24.7,1.8,95.0,20.4,Bishkek,3.3,2517.0,75.4,46.7,36.0,107.2,15.5,3.5,43.0,6524.0,36.6,95.1,Kyrgyzstan,1.8,Central Asia,34.0,38.0,1283.8,3.0,0.6,107.9,8.9,6947.0
17954.0,100.8,236800.0,65.7,0.6,5797.0,,"{'code': 'LAK', 'name': 'Lao Kip'}",LA,26.2,12.2,3.2,65.0,61.7,Vientiane,81.3,5809.0,69.2,15.5,14.4,100.4,38.8,6.2,250.0,7276.0,35.6,69.6,Lao People's Democratic Republic,1.5,South-Eastern Asia,31.5,25.5,2542.5,2.7,0.0,104.3,,3770.0
34426.0,85.5,64573.0,69.9,6.5,17768.0,4.4,"{'code': 'EUR', 'name': 'Euro'}",LV,69.8,23.7,-1.2,110.2,6.5,Riga,54.0,14447.0,79.8,105.1,72.0,99.5,3.3,4.6,40.0,1886.0,68.2,111.3,Latvia,-1.1,Northern Europe,30.3,83.6,17851.6,1.7,225.5,99.3,6.7,1946.0
56409.0,101.4,10452.0,77.0,6.3,18472.0,2.5,"{'code': 'LBP', 'name': 'Lebanese Pound'}",LB,64.3,22.3,6.2,,13.4,Beirut,13.4,3154.0,80.8,,,,9.4,0.2,109.0,6825.0,88.8,,Lebanon,0.9,Western Asia,667.2,78.2,8223.7,2.1,949.6,,26.9,1964.0
2631.0,97.4,30355.0,50.4,22.8,1171.0,43.6,"{'code': 'LSL', 'name': 'Loti'}",LS,49.6,41.9,2.9,71.3,8.4,Maseru,1.6,345.0,56.8,12.4,8.0,117.8,62.3,1.2,19.0,2142.0,28.6,52.8,Lesotho,0.8,Southern Africa,70.6,29.0,1248.0,3.2,0.1,124.1,,1173.0
2122.0,101.1,111369.0,62.2,2.7,345.0,3.3,"{'code': 'LRD', 'name': 'Liberian Dollar'}",LR,46.9,10.1,3.4,32.9,43.0,Monrovia,43.4,841.0,65.0,9.2,14.7,84.7,54.1,1.2,218.0,5058.0,51.6,42.8,Liberia,2.5,Western Africa,52.5,8.0,440.3,4.4,8.8,85.5,,
34377.0,101.9,1676198.0,69.9,18.6,2450.0,,"{'code': 'LYD', 'name': 'Libyan Dinar'}",LY,59.5,21.7,0.5,106.0,18.8,Tripoli,0.1,489.0,75.7,,,106.6,10.5,17.9,75.0,6871.0,80.4,90.2,Libya,1.4,Northern Africa,3.9,21.8,5147.3,2.2,321.4,111.3,41.5,34.0
6796.0,98.4,160.0,,2.6,,2.6,"{'code': 'CHF', 'name': 'Swiss Franc'}",LI,,,0.5,105.1,,Vaduz,43.1,,,27.4,43.6,102.9,,2.0,13.0,39.0,14.4,129.1,Liechtenstein,0.7,Western Europe,241.5,98.1,179258.2,1.5,0.2,106.3,,85.0
53455.0,86.2,65286.0,70.0,6.3,35612.0,4.6,"{'code': 'EUR', 'name': 'Euro'}",LT,67.4,25.9,-1.1,106.0,6.6,Vilnius,34.8,33123.0,81.1,84.0,61.4,103.9,4.0,3.6,41.0,2722.0,67.9,110.6,Lithuania,-1.5,Northern Europe,43.4,79.7,19082.5,1.7,5.1,103.9,10.8,2825.0
70920.0,102.3,2586.0,79.8,5.2,23057.0,0.3,"{'code': 'EUR', 'name': 'Euro'}",LU,87.5,11.5,2.6,104.8,1.0,Luxembourg,35.7,15433.0,84.2,20.1,18.2,102.0,2.9,3.1,16.0,626.0,91.2,102.6,Luxembourg,2.0,Western Europe,241.7,97.1,117369.5,1.4,5.7,102.6,8.6,1018.0
13851.0,99.6,587295.0,64.9,1.8,3603.0,,"{'code': 'MGA', 'name': 'Malagasy Ariary'}",MG,27.1,9.1,4.7,37.1,63.8,Antananarivo,21.4,2689.0,68.1,5.2,5.5,143.1,29.0,4.6,2910.0,27691.0,37.9,36.0,Madagascar,2.7,Eastern Africa,47.6,9.8,527.4,4.1,0.2,142.0,,291.0
7196.0,97.3,118484.0,60.3,5.7,360.0,1.8,"{'code': 'MWK', 'name': 'Malawi Kwacha'}",MW,43.0,13.8,3.9,39.9,43.2,Lilongwe,33.4,819.0,66.6,0.6,1.0,143.1,41.3,4.0,130.0,19130.0,17.2,40.6,Malawi,2.7,Eastern Africa,202.9,13.8,396.6,4.2,39.3,141.8,,871.0
358579.0,105.7,330323.0,74.0,3.4,204906.0,2.1,"{'code': 'MYR', 'name': 'Malaysian Ringgit'}",MY,63.1,26.8,2.7,85.4,10.1,Kuala Lumpur,67.6,238089.0,78.1,49.9,40.7,106.0,5.9,4.7,1662.0,32366.0,76.6,78.8,Malaysia,1.3,South-Eastern Asia,98.5,81.2,11373.3,2.0,266.5,104.6,211.0,25832.0
5327.0,173.5,300.0,77.1,6.4,2883.0,0.7,"{'code': 'MVR', 'name': 'Rufiyaa'}",MV,73.4,18.3,3.9,,8.2,Male,3.3,163.0,80.4,59.8,16.6,98.1,6.8,6.9,80.0,540.0,40.2,,Maldives,3.4,Southern Asia,1801.8,63.2,10330.6,1.9,,96.2,,1484.0
17172.0,100.4,1240192.0,58.0,7.3,8277.0,,"{'code': 'XOF', 'name': 'Cfa Franc, Bceao'}",ML,30.2,7.6,5.0,37.0,62.3,Bamako,3.9,879.0,59.5,2.7,6.3,71.6,65.8,6.7,62.0,20251.0,43.1,45.0,Mali,3.0,Western Africa,16.6,13.0,900.1,5.9,182.9,79.5,,193.0
14549.0,100.6,315.0,80.4,3.4,8211.0,1.6,"{'code': 'EUR', 'name': 'Euro'}",MT,81.0,18.0,0.6,104.7,0.9,Valletta,1.1,4143.0,84.1,63.2,46.0,105.1,5.0,6.6,49.0,442.0,94.7,104.8,Malta,0.4,Southern Europe,1379.8,81.7,33122.8,1.4,10.7,104.9,1.5,2599.0
214.0,104.5,181.0,71.3,4.7,71.0,,"{'code': 'USD', 'name': 'Us Dollar'}",MH,79.6,9.4,0.8,66.6,11.0,Majuro,70.2,34.0,72.5,23.8,23.5,84.6,25.4,2.6,104.0,53.0,77.4,62.4,Marshall Islands,0.1,Micronesia,295.8,38.7,3666.9,4.1,,84.9,,7.0
7620.0,100.9,1030700.0,63.0,9.6,3525.0,,"{'code': 'MRU', 'name': 'Ouguiya'}",MR,36.3,13.1,4.8,37.1,50.6,Nouakchott,0.2,2301.0,66.2,3.3,6.6,102.8,53.4,3.6,94.0,4650.0,54.5,36.5,Mauritania,2.8,Western Africa,4.5,20.8,1730.4,4.6,87.3,97.1,,
771355.0,97.5,783562.0,74.3,12.9,210343.0,2.6,"{'code': 'TRY', 'name': 'Turkish Lira'}",TR,55.9,26.1,2.4,103.4,18.0,Ankara,15.2,180839.0,80.2,,,92.7,8.9,2.8,435.0,84339.0,75.6,108.5,Turkey,1.4,Western Asia,109.6,71.0,9367.9,2.1,3940.1,93.6,378.6,45768.0
1223401.0,95.8,1964375.0,72.1,3.6,467293.0,29.1,"{'code': 'MXN', 'name': 'Mexican Peso'}",MX,61.4,26.2,1.8,108.2,12.4,Mexico City,34.0,472273.0,77.8,40.6,39.8,106.0,13.5,2.0,1656.0,128933.0,80.4,100.7,Mexico,1.1,Central America,66.3,65.8,9694.9,2.1,302.1,105.5,446.0,41313.0
371.0,103.4,702.0,66.1,,8.0,,"{'code': 'USD', 'name': 'Us Dollar'}",FM,,,0.3,86.6,,Palikir,91.8,1.0,69.4,,,96.0,23.5,1.4,170.0,115.0,22.8,79.9,"Micronesia, Federated States Of",1.1,Micronesia,164.3,35.3,3296.4,3.1,0.0,98.3,,19.0
11309.0,91.9,33846.0,67.4,5.4,5842.0,4.1,"{'code': 'MDL', 'name': 'Moldovan Leu'}",MD,47.5,17.1,-0.2,86.5,35.4,Chisinau,12.4,2779.0,75.9,45.7,34.2,90.6,12.4,2.8,33.0,4034.0,42.7,87.3,"Moldova, Republic Of",-0.2,Eastern Europe,122.8,76.1,2791.0,1.3,4.2,90.6,7.5,160.0
7188.0,94.7,2.0,,,,0.0,"{'code': 'EUR', 'name': 'Euro'}",MC,,,0.6,,,Monaco,,,,,,,,6.1,34.0,39.0,100.0,,Monaco,0.5,Western Europe,26373.8,97.1,185835.0,,0.0,,,347.0
13010.0,97.1,1564116.0,65.5,6.0,6039.0,6.2,"{'code': 'MNT', 'name': 'Tugrik'}",MN,53.6,19.5,2.1,94.8,26.9,Ulaanbaatar,8.1,7433.0,73.8,76.7,54.7,102.8,18.1,6.7,43.0,3278.0,68.5,88.3,Mongolia,1.8,Eastern Asia,2.1,47.2,4103.7,2.9,0.1,105.3,19.3,529.0
5507.0,97.8,13812.0,74.2,14.8,2903.0,2.2,"{'code': 'EUR', 'name': 'Euro'}",ME,73.0,19.2,0.6,90.5,7.8,Podgorica,61.5,459.0,79.1,64.9,47.9,97.6,2.8,5.1,113.0,628.0,67.2,89.3,Montenegro,0.0,Southern Europe,46.7,71.5,8771.7,1.8,13.6,102.2,2.2,2077.0
117921.0,98.5,446550.0,75.1,9.0,51075.0,1.4,"{'code': 'MAD', 'name': 'Moroccan Dirham'}",MA,44.0,21.8,2.4,76.6,34.1,Rabat,12.6,29328.0,77.5,35.7,36.2,111.5,19.9,3.7,238.0,36911.0,63.0,83.7,Morocco,1.3,Northern Africa,82.7,64.8,3272.9,2.4,9.1,116.1,58.1,12289.0
14717.0,94.5,799380.0,57.0,3.2,8270.0,3.5,"{'code': 'MZN', 'name': 'Mozambique Metical'}",MZ,21.5,8.6,4.5,33.4,69.9,Maputo,48.2,5878.0,62.8,6.5,8.1,108.4,53.9,3.4,426.0,31255.0,36.5,37.4,Mozambique,2.9,Eastern Africa,39.7,10.0,498.9,4.9,25.1,116.8,7.6,2743.0
72745.0,93.0,676577.0,63.7,1.7,18578.0,2.3,"{'code': 'MMK', 'name': 'Kyat'}",MM,35.6,16.3,1.5,71.3,48.1,Nay Pyi Taw,44.5,17997.0,69.8,22.0,15.6,109.7,38.4,6.2,357.0,54410.0,30.9,65.6,Myanmar,0.6,South-Eastern Asia,83.3,30.7,1354.4,2.2,883.5,114.8,30.4,3551.0
14519.0,94.1,824116.0,60.0,20.6,8086.0,17.7,"{'code': 'NAD', 'name': 'Namibia Dollar'}",NA,61.8,16.4,4.6,70.0,21.8,Windhoek,8.4,6258.0,65.8,30.3,15.3,122.1,33.4,-0.1,117.0,2541.0,51.0,61.5,Namibia,1.9,Southern Africa,3.1,51.0,5930.1,3.4,4.3,126.4,4.0,1499.0
127.0,101.9,21.0,57.8,23.0,,,"{'code': 'AUD', 'name': 'Australian Dollar'}",NR,,,2.3,83.6,,Yaren,0.0,,64.8,,,123.2,18.0,-4.0,86.0,11.0,100.0,81.9,Nauru,-0.1,Micronesia,561.4,57.0,11875.9,3.9,1.2,129.7,,
27830.0,84.5,147181.0,68.8,1.5,4737.0,2.3,"{'code': 'NPR', 'name': 'Nepalese Rupee'}",NP,20.2,15.3,3.2,83.0,64.5,Kathmandu,25.4,588.0,71.7,12.8,12.0,143.5,27.9,6.7,109.0,29137.0,20.2,77.4,Nepal,1.5,Southern Asia,203.3,34.0,990.6,1.9,19.3,140.8,10.1,1173.0
914105.0,99.3,41542.0,80.3,3.0,514513.0,0.6,"{'code': 'EUR', 'name': 'Euro'}",NL,82.2,15.8,1.0,136.5,2.0,Amsterdam,11.2,577617.0,83.8,90.9,79.3,104.2,2.5,2.6,71.0,17135.0,91.9,134.7,Netherlands,0.2,Western Europe,508.2,94.7,53583.1,1.7,109.1,104.2,155.6,18780.0
207921.0,96.7,268107.0,80.3,4.0,42271.0,0.7,"{'code': 'NZD', 'name': 'New Zealand Dollar'}",NZ,75.1,19.4,1.1,118.2,5.6,Wellington,38.6,39540.0,83.8,97.2,67.9,100.2,3.8,2.8,261.0,4822.0,86.6,111.1,New Zealand,0.9,Oceania,18.3,90.8,43836.2,1.9,2.6,99.8,32.2,3686.0
13118.0,97.2,130373.0,70.6,7.4,8426.0,7.2,"{'code': 'NIO', 'name': 'Cordoba Oro'}",NI,53.8,15.6,1.5,78.0,30.6,Managua,25.9,3998.0,77.7,,,120.1,16.8,-3.8,161.0,6625.0,58.8,69.1,Nicaragua,1.2,Central America,55.0,27.9,2028.9,2.4,0.8,121.1,5.1,1256.0
12821.0,101.1,1267000.0,60.7,0.5,1127.0,4.4,"{'code': 'XOF', 'name': 'Cfa Franc, Bceao'}",NE,18.0,7.2,3.9,20.7,74.8,Niamey,0.9,232.0,63.0,2.6,6.2,69.2,46.3,7.0,37.0,24207.0,16.5,27.7,Niger,3.8,Western Africa,19.1,5.3,571.3,7.0,411.2,80.1,2.0,157.0
421821.0,102.8,923768.0,53.3,8.0,72765.0,34.5,"{'code': 'NGN', 'name': 'Naira'}",NG,53.1,12.2,4.6,39.8,34.7,Abuja,7.7,79964.0,55.1,8.3,12.0,82.2,62.1,1.9,380.0,206140.0,51.2,44.1,Nigeria,2.6,Western Africa,226.3,42.0,2153.5,5.4,2211.1,87.2,86.0,1889.0
12629.0,100.1,25713.0,73.6,16.4,9470.0,1.2,"{'code': 'MKD', 'name': 'Denar'}",MK,53.5,31.4,0.2,80.3,15.1,Skopje,39.6,7186.0,77.6,48.6,36.7,97.1,10.7,3.3,133.0,2083.0,58.2,82.5,"Macedonia, The Former Yugoslav Republic Of",0.0,Southern Europe,82.6,79.2,6062.9,1.5,17.6,97.2,7.4,707.0
2778892.0,93.8,551500.0,79.4,8.3,651164.0,1.2,"{'code': 'EUR', 'name': 'Euro'}",FR,77.7,19.9,0.8,104.1,2.4,Paris,31.0,569757.0,85.4,72.8,58.7,102.2,3.0,1.7,366.0,65274.0,80.7,103.5,France,0.3,Western Europe,119.2,82.0,41358.1,1.9,473.4,102.8,306.1,89322.0
92111.0,194.1,309500.0,75.8,2.6,23383.0,0.3,"{'code': 'OMR', 'name': 'Rial Omani'}",OM,62.7,32.8,8.0,102.5,4.4,Muscat,0.0,38723.0,80.0,55.6,26.4,108.6,7.3,2.1,112.0,5107.0,85.4,111.0,Oman,3.6,Western Asia,16.5,80.2,19072.8,2.9,0.6,98.6,65.5,2301.0
282346.0,106.0,796095.0,66.1,4.4,50047.0,3.9,"{'code': 'PKR', 'name': 'Pakistan Rupee'}",PK,38.3,25.8,2.7,39.1,35.9,Islamabad,1.9,23759.0,68.0,8.3,9.6,86.1,61.3,5.4,155.0,220892.0,36.9,45.9,Pakistan,2.0,Southern Asia,286.5,15.5,1330.4,3.6,1518.4,102.0,183.4,966.0
284.0,113.3,459.0,68.1,4.2,169.0,11.2,"{'code': 'USD', 'name': 'Us Dollar'}",PW,85.9,11.8,1.7,122.9,2.4,Melekeok,87.6,8.0,77.8,66.4,43.9,105.2,13.3,1.7,189.0,22.0,80.5,110.8,Palau,1.1,Micronesia,48.8,,15859.4,2.2,0.0,119.6,,106.0
65055.0,100.2,75320.0,75.1,3.8,12836.0,9.4,"{'code': 'PAB', 'name': 'Balboa'}",PA,67.5,18.8,2.2,78.3,13.7,Panama City,62.3,713.0,81.5,58.6,37.3,93.4,14.1,3.7,400.0,4315.0,68.1,74.1,Panama,1.7,Central America,58.0,57.9,15575.1,2.5,113.5,95.4,9.6,1785.0
23077.0,104.3,462840.0,62.9,2.5,3130.0,9.8,"{'code': 'PGK', 'name': 'Kina'}",PG,35.5,6.7,2.2,39.9,57.8,Port Moresby,74.1,11798.0,65.4,,,103.6,41.9,0.0,585.0,8947.0,13.2,54.7,Papua New Guinea,2.0,Melanesia,19.8,11.2,2681.4,3.6,9.9,113.2,,140.0
40307.0,103.3,406752.0,72.1,4.8,12360.0,7.1,"{'code': 'PYG', 'name': 'Guarani'}",PY,62.1,17.9,1.8,78.6,19.9,AsunciãN,38.6,12425.0,76.2,40.9,28.6,103.0,19.0,4.0,67.0,7132.0,61.9,73.3,Paraguay,1.3,South America,18.0,65.0,5794.6,2.4,4.3,105.7,7.7,1181.0
222237.0,98.7,1285216.0,73.7,3.2,42376.0,7.9,"{'code': 'PEN', 'name': 'Sol'}",PE,57.5,15.3,1.6,103.6,27.2,Lima,57.8,46132.0,79.2,72.7,68.7,105.1,12.8,4.0,819.0,32972.0,78.1,109.3,Peru,1.6,South America,25.8,52.5,6947.3,2.3,860.1,108.8,49.7,4419.0
330910.0,100.9,300000.0,67.1,2.2,117247.0,6.5,"{'code': 'PHP', 'name': 'Philippine Piso'}",PH,57.6,19.8,2.1,90.6,22.5,Manila,27.0,70927.0,75.3,40.4,30.8,105.5,19.7,6.2,884.0,109581.0,47.1,82.0,Philippines,1.4,South-Eastern Asia,367.5,60.1,3102.7,2.6,226.8,109.4,126.5,7168.0
585661.0,94.0,312679.0,74.5,3.0,246654.0,0.7,"{'code': 'PLN', 'name': 'Zloty'}",PL,59.1,32.0,-0.2,108.1,8.9,Warsaw,30.8,251865.0,82.4,81.9,54.4,100.0,3.3,5.1,95.0,37847.0,60.0,111.7,Poland,-0.1,Eastern Europe,123.6,77.5,15444.0,1.4,26.5,100.0,305.8,19622.0
240792.0,89.8,92226.0,78.7,5.9,89929.0,0.8,"{'code': 'EUR', 'name': 'Euro'}",PT,69.8,24.6,0.5,118.7,5.7,Lisbon,34.7,67012.0,84.6,67.7,60.1,104.4,3.0,2.4,465.0,10197.0,65.8,121.1,Portugal,-0.3,Southern Europe,111.3,74.7,23477.7,1.3,3.0,107.9,50.8,16186.0
191362.0,302.4,11607.0,78.9,0.1,29178.0,0.4,"{'code': 'QAR', 'name': 'Qatari Rial'}",QA,44.5,54.4,6.7,102.7,1.2,Doha,0.0,72935.0,81.8,54.9,7.0,104.4,6.3,1.5,50.0,2881.0,99.2,108.3,Qatar,2.3,Western Asia,248.2,99.7,68793.7,1.9,1.5,103.3,80.1,1819.0
239552.0,94.6,238391.0,72.4,3.9,96644.0,1.3,"{'code': 'RON', 'name': 'Romanian Leu'}",RO,48.6,30.1,-0.5,91.4,21.3,Bucharest,29.8,77299.0,79.3,55.4,43.8,84.6,6.7,4.0,140.0,19238.0,54.1,91.1,Romania,-0.7,Eastern Europe,83.6,70.7,12280.8,1.6,4.8,85.7,70.8,11720.0
1660514.0,86.4,17098246.0,66.8,4.4,247161.0,8.2,"{'code': 'RUB', 'name': 'Russian Ruble'}",RU,67.8,26.6,0.2,102.1,5.6,Moscow,49.8,426720.0,77.5,89.1,75.0,102.3,5.8,2.3,279.0,145934.0,74.6,104.7,Russian Federation,0.1,Eastern Europe,8.9,80.9,11394.1,1.8,135.5,102.8,1536.9,24551.0
9510.0,96.7,26338.0,66.3,1.0,3214.0,2.6,"{'code': 'RWF', 'name': 'Rwanda Franc'}",RW,29.2,9.1,2.6,43.3,61.7,Kigali,19.5,992.0,70.5,6.0,7.5,132.1,29.2,8.6,168.0,12952.0,17.3,38.5,Rwanda,2.6,Eastern Africa,525.0,21.8,773.0,4.1,150.1,134.0,,932.0
1011.0,97.0,261.0,,,338.0,36.1,"{'code': 'XCD', 'name': 'E. Caribbean Dollar'}",KN,,,0.8,108.7,,Basseterre,42.3,63.0,,115.9,57.7,107.1,,2.9,57.0,57.0,30.8,105.1,Saint Kitts And Nevis,0.9,Caribbean,218.5,80.7,19275.4,,0.0,110.4,,125.0
1922.0,97.0,539.0,74.7,20.2,598.0,21.4,"{'code': 'XCD', 'name': 'E. Caribbean Dollar'}",LC,64.7,18.3,0.6,89.4,17.0,Castries,33.3,55.0,77.4,18.7,9.4,103.2,12.5,0.9,69.0,184.0,18.8,89.3,Saint Lucia,0.5,Caribbean,301.0,50.8,10566.0,1.4,0.0,102.1,,395.0
811.0,102.7,389.0,70.1,18.9,335.0,36.5,"{'code': 'XCD', 'name': 'E. Caribbean Dollar'}",VC,69.5,19.9,0.8,108.7,10.5,Kingstown,69.2,37.0,74.9,29.8,17.8,112.7,14.6,2.2,65.0,111.0,52.6,105.9,Saint Vincent And The Grenadines,0.3,Caribbean,284.5,22.4,7361.3,1.9,,114.1,,80.0
833.0,107.3,2842.0,71.1,8.4,390.0,3.1,"{'code': 'WST', 'name': 'Tala'}",WS,46.9,23.3,-0.4,98.0,29.9,Apia,60.4,32.0,75.2,,,110.4,13.4,0.7,100.0,198.0,18.1,88.8,Samoa,0.5,Polynesia,70.1,33.6,4249.6,3.9,0.0,110.6,,164.0
1638.0,94.9,61.0,81.7,6.6,,0.0,"{'code': 'EUR', 'name': 'Euro'}",SM,65.4,34.3,1.4,63.8,0.3,San Marino,0.0,,86.4,36.0,48.6,116.9,,1.1,2.0,34.0,97.4,71.5,San Marino,0.5,Southern Europe,563.5,60.2,48472.7,,,100.4,,84.0
411.0,100.2,964.0,67.7,13.7,165.0,3.3,"{'code': 'STN', 'name': 'Dobra'}",ST,62.9,18.4,3.8,95.9,18.7,Sao Tome,55.8,14.0,72.4,13.7,13.1,105.0,26.4,2.2,108.0,219.0,73.6,82.9,Sao Tome And Principe,1.9,Middle Africa,228.3,29.9,1948.1,4.4,,108.5,,33.0
782483.0,137.1,2206714.0,73.7,5.9,136472.0,1.3,"{'code': 'SAR', 'name': 'Saudi Riyal'}",SA,72.9,24.8,3.1,106.8,2.3,Riyadh,0.5,259208.0,76.5,69.9,66.3,100.3,6.3,2.2,144.0,34814.0,84.1,113.2,Saudi Arabia,1.9,Western Asia,16.2,93.3,23217.2,2.3,72.5,99.2,532.2,15334.0
23809.0,95.3,196712.0,65.3,6.7,8143.0,0.3,"{'code': 'XOF', 'name': 'Cfa Franc, Bceao'}",SN,56.9,13.6,3.9,45.7,29.4,Dakar,43.0,4175.0,69.4,10.3,15.2,86.1,32.7,6.8,145.0,16744.0,47.7,41.7,Senegal,2.8,Western Africa,87.0,46.0,1501.7,4.6,16.2,75.9,8.3,1365.0
50597.0,96.0,88499.0,73.2,12.7,26730.0,1.2,"{'code': 'RSD', 'name': 'Serbian Dinar'}",RS,57.6,27.4,-0.1,95.6,15.1,Belgrade,31.1,19630.0,78.4,78.3,56.7,100.3,4.9,4.4,86.0,8737.0,56.3,94.6,Serbia,-0.3,Southern Europe,99.9,73.4,7208.8,1.5,250.7,100.3,46.1,1711.0
1590.0,105.3,457.0,69.8,4.1,1438.0,12.5,"{'code': 'SCR', 'name': 'Seychelles Rupee'}",SC,78.2,17.9,1.3,84.2,3.6,Victoria,88.4,824.0,77.3,23.3,11.2,103.3,10.9,7.9,451.0,98.0,57.1,78.8,Seychelles,0.7,Eastern Africa,213.8,58.8,16377.9,2.5,0.0,97.6,,362.0
4101.0,99.6,72300.0,53.2,4.4,741.0,1.7,"{'code': 'SLL', 'name': 'Leone'}",SL,39.1,6.5,3.3,41.1,54.4,Freetown,42.2,44.0,54.8,,,114.7,80.8,4.6,236.0,7977.0,42.5,42.5,Sierra Leone,2.1,Western Africa,110.5,9.0,536.1,4.3,0.4,110.8,,57.0
361115.0,109.8,719.0,81.2,4.4,358975.0,0.2,"{'code': 'SGD', 'name': 'Singapore Dollar'}",SG,84.1,15.2,1.7,107.0,0.7,Singapore,23.1,390332.0,85.5,91.2,78.9,100.6,1.6,3.2,326.0,5850.0,100.0,108.1,Singapore,0.9,South-Eastern Asia,8357.6,88.2,62720.9,1.2,1.3,100.7,47.4,14673.0
105956.0,94.9,49035.0,73.7,5.1,90979.0,1.1,"{'code': 'EUR', 'name': 'Euro'}",SK,61.8,36.1,-0.2,91.6,2.1,Bratislava,40.3,90050.0,80.8,56.6,37.1,98.4,4.8,4.0,116.0,5460.0,53.7,90.5,Slovakia,0.1,Eastern Europe,113.5,80.7,19430.8,1.5,2.5,99.0,32.2,2256.0
54034.0,99.2,20273.0,78.2,3.8,38179.0,0.5,"{'code': 'EUR', 'name': 'Euro'}",SI,61.5,33.5,0.7,117.1,5.1,Ljubljana,62.0,37557.0,83.8,93.0,64.9,100.6,1.9,4.1,175.0,2079.0,54.8,114.2,Slovenia,0.1,Southern Europe,103.2,79.8,26005.1,1.6,1.2,100.2,13.4,4425.0
1271.0,103.4,28896.0,71.1,0.5,348.0,3.8,"{'code': 'SBD', 'name': 'Solomon Is. Dollar'}",SB,53.4,9.6,4.3,47.0,37.1,Honiara,78.1,611.0,74.6,,,106.0,15.5,3.9,256.0,687.0,24.2,49.5,Solomon Islands,2.6,Melanesia,24.5,11.9,1946.9,4.4,0.0,106.4,,28.0
1494.0,99.4,637657.0,55.3,11.4,549.0,,"{'code': 'SOS', 'name': 'Somali Shilling'}",SO,13.4,3.5,4.8,3.7,83.0,Mogadishu,10.1,1179.0,58.7,,,16.6,69.3,3.1,199.0,15893.0,45.6,8.1,Somalia,2.8,Eastern Africa,25.3,2.0,99.6,6.1,2694.7,30.1,,
368094.0,97.1,1221037.0,60.2,28.5,88037.0,36.4,"{'code': 'ZAR', 'name': 'Rand'}",ZA,72.3,22.7,2.2,109.0,5.0,Pretoria,7.6,89396.0,67.1,26.4,18.4,99.1,27.2,0.8,597.0,59309.0,66.9,100.4,South Africa,1.4,Southern Africa,48.9,56.2,6369.2,2.4,273.5,102.6,421.7,10472.0
8207.0,100.2,658841.0,56.0,12.3,1238.0,14.9,"{'code': 'SSP', 'name': 'S. Sudanese Pound'}",SS,29.7,14.1,4.4,7.7,56.1,Juba,,1091.0,58.9,,,60.4,64.4,3.4,61.0,11194.0,19.9,14.3,South Sudan,0.9,Eastern Africa,18.3,8.0,747.7,4.7,2189.6,85.3,1.5,
1419735.0,96.6,505944.0,80.6,13.0,375485.0,0.6,"{'code': 'EUR', 'name': 'Euro'}",ES,75.8,20.2,0.1,126.9,4.0,Madrid,36.9,337215.0,86.0,97.0,81.1,103.6,2.3,2.4,752.0,46755.0,80.6,125.2,Spain,0.0,Southern Europe,93.7,86.1,30405.8,1.3,149.1,101.9,253.4,82773.0
88942.0,92.1,65610.0,73.3,4.2,17992.0,2.4,"{'code': 'LKR', 'name': 'Sri Lanka Rupee'}",LK,45.9,30.4,0.5,102.6,23.7,Colombo,33.0,12589.0,80.0,23.4,15.8,99.6,7.6,3.2,641.0,21413.0,18.6,98.0,Sri Lanka,0.5,Southern Asia,341.5,34.1,4189.7,2.2,37.6,100.7,23.1,2334.0
50515.0,99.8,,63.1,16.6,12286.0,5.1,"{'code': 'SDG', 'name': 'Sudanese Pound'}",SD,44.4,15.9,2.8,47.0,39.7,Khartoum,,4127.0,66.8,17.1,16.8,74.4,42.9,-2.3,158.0,43849.0,34.9,46.3,Sudan,2.4,Northern Africa,24.8,30.9,1208.4,4.4,2974.1,79.2,18.8,836.0
3458.0,101.0,163820.0,68.3,7.5,1711.0,5.4,"{'code': 'SRD', 'name': 'Surinam Dollar'}",SR,69.1,23.5,0.9,88.6,7.4,Paramaribo,98.3,1461.0,74.8,,,108.7,17.5,2.6,88.0,587.0,66.1,67.1,Suriname,1.0,South America,3.8,48.9,6003.7,2.4,0.4,109.0,1.9,278.0
556086.0,100.4,438574.0,80.8,6.7,158710.0,1.1,"{'code': 'SEK', 'name': 'Swedish Krona'}",SE,80.7,17.7,1.1,157.9,1.6,Stockholm,68.9,160538.0,84.4,82.1,52.7,127.4,2.0,2.2,98.0,10099.0,87.7,148.1,Sweden,0.7,Northern Europe,24.6,92.1,55766.8,1.8,310.4,125.8,37.6,7440.0
705141.0,98.5,41291.0,81.6,4.8,276292.0,0.6,"{'code': 'CHF', 'name': 'Swiss Franc'}",CH,77.2,20.0,1.2,100.2,2.9,Bern,31.7,313630.0,85.4,60.3,58.8,104.8,3.4,2.8,128.0,8655.0,73.8,104.7,Switzerland,0.8,Western Europe,219.0,89.7,82708.5,1.5,120.1,105.5,37.1,10362.0
16628.0,100.2,185180.0,65.9,8.4,980.0,0.9,"{'code': 'SYP', 'name': 'Syrian Pound'}",SY,63.0,26.5,-3.6,52.4,10.5,Damascus,2.7,534.0,77.7,42.8,37.5,80.2,15.5,2.4,147.0,17501.0,54.8,52.7,Syrian Arab Republic,-0.6,Western Asia,95.3,34.3,981.3,2.8,6386.7,83.1,23.0,5070.0
7523.0,101.6,142600.0,68.6,11.0,2773.0,1.6,"{'code': 'TJS', 'name': 'Somoni'}",TJ,39.9,16.0,2.4,83.8,44.2,Dushanbe,3.0,2065.0,73.0,26.9,35.5,100.3,29.3,7.1,48.0,9538.0,27.3,93.0,Tajikistan,2.4,Central Asia,68.1,22.0,826.6,3.6,11.3,101.4,5.8,1035.0
57145.0,99.9,947303.0,63.0,2.0,9434.0,6.5,"{'code': 'TZS', 'name': 'Tanzanian Shilling'}",TZ,28.3,6.8,5.5,30.1,64.9,Dodoma,52.0,4414.0,66.6,2.8,5.2,95.4,41.2,7.0,1259.0,59734.0,34.5,28.8,"Tanzania, United Republic Of",3.0,Eastern Africa,67.4,25.0,1044.1,4.9,320.3,93.0,10.1,1378.0
504992.0,94.8,513120.0,73.1,0.8,216805.0,2.6,"{'code': 'THB', 'name': 'Baht'}",TH,46.3,22.5,2.1,116.5,31.2,Bangkok,32.1,233674.0,80.6,57.8,41.0,99.8,7.8,4.1,674.0,69800.0,50.7,118.9,Thailand,0.3,South-Eastern Asia,136.6,56.8,7273.6,1.5,576.9,99.8,244.3,38178.0
5165.0,99.0,56785.0,59.7,2.0,1844.0,,"{'code': 'XOF', 'name': 'Cfa Franc, Bceao'}",TG,49.9,12.9,4.0,52.1,37.2,Lomã,3.5,917.0,61.4,9.8,19.2,121.5,49.7,4.9,94.0,8279.0,42.2,71.6,Togo,2.5,Western Africa,152.2,12.4,654.8,4.4,13.0,126.0,2.1,573.0
504.0,100.2,747.0,68.8,1.2,311.0,1.0,"{'code': 'TOP', 'name': ""Pa'anga""}",TO,47.1,29.2,0.3,102.4,23.7,Nuku'alofa,12.5,15.0,72.7,,,116.0,12.5,-0.4,90.0,106.0,23.1,99.4,Tonga,1.0,Polynesia,146.8,41.2,4885.8,3.6,0.0,116.7,,54.0
23808.0,97.5,5127.0,70.7,2.8,1951.0,30.6,"{'code': 'TTD', 'name': 'Tt Dollar'}",TT,70.5,26.6,0.2,,2.9,Port Of Spain,45.7,12336.0,76.0,,,104.4,22.0,-0.2,126.0,1400.0,53.2,,Trinidad And Tobago,0.4,Caribbean,272.8,77.3,17130.3,1.7,43.0,108.0,18.0,375.0
39895.0,98.4,163610.0,74.4,16.2,22453.0,3.1,"{'code': 'TND', 'name': 'Tunisian Dinar'}",TN,54.8,32.5,1.6,99.3,12.7,Tunis,6.7,15489.0,78.5,41.2,22.8,114.9,12.7,2.5,107.0,11819.0,69.3,86.9,Tunisia,1.1,Northern Africa,76.1,64.2,3449.6,2.2,2.0,115.9,26.2,8299.0
771355.0,97.5,783562.0,74.3,12.9,210343.0,2.6,"{'code': 'TRY', 'name': 'Turkish Lira'}",TR,55.9,26.1,2.4,103.4,18.0,Ankara,15.2,180839.0,80.2,,,92.7,8.9,2.8,435.0,84339.0,75.6,108.5,Turkey,1.4,Western Asia,109.6,71.0,9367.9,2.1,3940.1,93.6,378.6,45768.0
40749.0,97.0,488100.0,64.5,4.1,2764.0,4.2,"{'code': 'TMT', 'name': 'Turkmen. Manat'}",TM,37.9,42.6,2.5,84.0,19.5,Ashgabat,8.8,3962.0,71.5,6.2,9.7,87.5,43.3,6.2,59.0,6031.0,52.0,87.6,Turkmenistan,1.6,Central Asia,12.8,21.3,6964.6,2.8,5.2,89.2,69.0,8.0
46.0,102.0,26.0,67.4,6.5,12.0,18.6,"{'code': 'AUD', 'name': 'Australian Dollar'}",TV,,,2.6,71.2,,Funafuti,33.3,0.0,71.9,,,82.5,10.3,7.0,99.0,12.0,63.2,62.5,Tuvalu,0.9,Polynesia,383.3,49.3,4000.6,3.6,,89.4,,3.0
30098.0,97.2,241550.0,60.4,1.9,7686.0,10.5,"{'code': 'UGX', 'name': 'Uganda Shilling'}",UG,20.9,6.6,6.0,21.8,72.4,Kampala,10.4,3597.0,65.0,4.1,5.6,104.1,46.1,8.9,266.0,45741.0,24.4,27.5,Uganda,3.6,Eastern Africa,228.9,23.7,704.4,5.0,2445.8,101.3,,1402.0
130832.0,86.3,603500.0,66.8,8.9,60783.0,6.2,"{'code': 'UAH', 'name': 'Hryvnia'}",UA,61.1,24.8,-0.4,95.0,14.1,Kyiv,16.7,50060.0,76.6,88.8,76.8,100.1,7.2,3.3,132.0,43734.0,69.5,96.9,Ukraine,-0.5,Eastern Europe,75.5,62.6,2956.9,1.4,1540.4,98.0,171.3,14104.0
414179.0,223.8,83600.0,77.1,2.4,244712.0,0.5,"{'code': 'AED', 'name': 'Uae Dirham'}",AE,64.4,34.2,2.4,100.4,1.4,Abu Dhabi,4.5,412260.0,79.1,,,107.3,5.5,1.7,69.0,9890.0,86.8,109.3,United Arab Emirates,1.3,Western Asia,118.3,98.4,43005.0,1.4,8.7,109.4,196.5,21286.0
2855297.0,97.7,242495.0,79.4,4.1,692580.0,1.2,"{'code': 'GBP', 'name': 'Pound Sterling'}",GB,81.3,17.7,1.0,127.7,1.0,London,13.0,468160.0,82.9,69.4,51.0,101.0,3.8,1.4,176.0,67886.0,83.7,124.1,United Kingdom,0.6,Northern Europe,280.6,94.9,42526.4,1.8,176.7,101.3,358.7,36316.0
20580223.0,97.9,9833517.0,76.3,3.9,2567490.0,5.0,"{'code': 'USD', 'name': 'Us Dollar'}",US,79.0,19.7,0.9,98.7,1.3,"Washington, D.C.",33.9,1644280.0,81.3,102.0,75.0,101.4,5.8,2.9,1655.0,331003.0,82.5,99.2,United States,0.6,Northern America,36.2,87.3,62917.9,1.8,1043.2,102.2,4761.3,79746.0
59597.0,93.5,173626.0,73.9,8.8,8226.0,12.1,"{'code': 'UYU', 'name': 'Peso Uruguayo'}",UY,73.4,18.7,0.5,126.6,7.9,Montevideo,10.5,7886.0,81.3,58.0,34.5,107.6,8.7,1.6,116.0,3474.0,95.4,114.1,Uruguay,0.4,South America,19.8,74.8,17278.1,2.0,21.5,109.3,5.9,3469.0
50500.0,99.6,448969.0,69.4,6.1,21867.0,1.1,"{'code': 'UZS', 'name': 'Uzbekistan Sum'}",UZ,46.8,29.9,1.5,92.7,23.3,Tashkent,7.6,14930.0,73.6,8.2,11.8,103.4,20.8,5.1,62.0,33469.0,50.4,93.9,Uzbekistan,1.6,Central Asia,78.7,55.2,1555.0,2.4,95.9,105.0,81.2,5346.0
889.0,102.8,12189.0,68.8,4.4,289.0,,"{'code': 'VUV', 'name': 'Vatu'}",VU,38.4,6.3,2.7,54.9,55.3,Port Vila,36.1,51.0,71.9,,,107.8,22.4,3.2,144.0,307.0,25.4,53.5,Vanuatu,2.5,Melanesia,25.2,25.7,3037.2,3.8,0.0,110.7,,116.0
,219.2,0.0,,,,0.0,"{'code': 'EUR', 'name': 'Euro'}",VA,,,0.2,,,Vatican City,,,,,,,,,1.0,1.0,100.0,,Holy See (Vatican City State),0.1,Southern Europe,1820.5,,,,,,,
208338.0,96.8,912050.0,68.4,9.4,1051.0,36.7,"{'code': 'VEF', 'name': 'Bolavar'}",VE,75.5,16.1,1.4,91.6,8.4,Caracas,52.9,3783.0,76.1,100.3,59.3,96.0,25.7,-18.0,379.0,28436.0,88.2,84.7,"Venezuela, Bolivarian Republic Of",-1.1,South America,32.2,72.0,7212.2,2.3,452.6,98.3,113.7,427.0
244901.0,99.7,330967.0,71.2,2.0,253442.0,1.5,"{'code': 'VND', 'name': 'Dong'}",VN,35.4,28.4,3.2,,36.2,Hanoi,47.6,264610.0,79.4,31.7,25.5,111.9,16.7,7.1,738.0,97339.0,36.6,,Viet Nam,1.0,South-Eastern Asia,313.9,70.3,2563.2,2.1,34.1,109.5,191.2,15498.0
26672.0,101.5,527968.0,64.4,12.8,4716.0,6.8,"{'code': 'YER', 'name': 'Yemeni Rial'}",YE,61.4,10.0,4.4,43.3,28.6,Sana'a,1.0,24.0,67.7,6.2,14.0,87.1,43.2,-1.3,313.0,29826.0,37.3,59.6,Yemen,2.4,Western Asia,56.5,26.7,935.9,3.8,3922.9,99.9,8.9,367.0
27283.0,98.1,752612.0,60.3,11.4,7221.0,5.4,"{'code': 'ZMW', 'name': 'Zambian Kwacha'}",ZM,40.7,10.8,4.3,,48.5,Lusaka,65.4,7029.0,66.2,3.5,4.8,99.9,45.6,4.1,107.0,18384.0,44.1,,Zambia,2.9,Eastern Africa,24.7,14.3,1572.3,4.7,81.8,97.5,6.0,1072.0
24312.0,91.3,390757.0,59.2,5.0,4787.0,7.5,"{'code': 'ZWL', 'name': 'Zimbabwe Dollar'}",ZW,27.2,6.5,1.8,51.3,66.3,Harare,36.4,4279.0,62.2,9.2,10.9,108.7,38.7,4.8,122.0,14863.0,32.2,53.5,Zimbabwe,1.5,Eastern Africa,38.4,27.1,1683.8,3.6,20.8,111.1,9.7,2580.0
